Transaction Date,Post Date,Description,Category,Type,Amount,Memo
06/01/2025,06/03/2025,CAMBRIA HOTEL NASHVILLE D,Travel,Sale,-384.14,
06/01/2025,06/02/2025,VALET TIPS,Travel,Sale,-11.50,
06/01/2025,06/02/2025,GOOGLE *GSUITE_musicci,Shopping,Sale,-244.87,
06/01/2025,06/01/2025,ANNUAL MEMBERSHIP FEE,Fees & Adjustments,Fee,-99.00,
06/01/2025,06/01/2025,EXPENSIFY  INC.,Shopping,Sale,-19.76,
05/31/2025,06/01/2025,DASHLANE U* DASHLANE P,Shopping,Sale,-65.84,
05/31/2025,06/01/2025,BESTBUY.COM,Shopping,Sale,-514.72,
05/30/2025,05/30/2025,EVERY STUDIO,Shopping,Sale,-5.00,
05/30/2025,05/30/2025,MIDJOURNEY INC.,Shopping,Sale,-32.93,
05/29/2025,05/30/2025,GRUHN GUITARS,Shopping,Sale,-75.71,
05/28/2025,05/29/2025,TST* TN731 - CAMBRIA - NA,Food & Drink,Sale,-109.35,
05/28/2025,05/29/2025,HIVE CO,Professional Services,Sale,-741.04,
05/27/2025,05/28/2025,MICHAELS #9490,Shopping,Sale,-111.89,
05/26/2025,05/28/2025,AI.FYXER.COM,Professional Services,Return,60.00,
05/26/2025,05/27/2025,COWBOY CHANNEL PLUS,Bills & Utilities,Sale,-9.99,
05/24/2025,05/25/2025,CLAUDE.AI SUBSCRIPTION,Shopping,Sale,-21.95,
05/23/2025,05/23/2025,HUGGINGFACE,Shopping,Sale,-9.00,
05/21/2025,05/23/2025,CAMBRIA HOTEL NASHVILLE D,Travel,Sale,-1745.83,
05/21/2025,05/22/2025,TST*GREEN HILLS GRILLE,Food & Drink,Sale,-266.27,
05/20/2025,05/21/2025,TASKADE,Shopping,Return,120.00,
05/20/2025,05/21/2025,HIVE CO,Professional Services,Sale,-199.20,
05/16/2025,05/16/2025,PURCHASE INTEREST CHARGE,Fees & Adjustments,Fee,-334.26,
05/15/2025,05/16/2025,AI.FYXER.COM,Professional Services,Sale,-60.00,
05/14/2025,05/16/2025,RETROSUPPLY,Professional Services,Sale,-30.00,
05/14/2025,05/15/2025,SQ *ROSEANNA SALES PHOTOG,Professional Services,Sale,-100.00,
05/15/2025,05/15/2025,ELEMENTOR.COM,Shopping,Sale,-54.86,
05/14/2025,05/15/2025,RESPONSIVE-MENU-PRO-4,Shopping,Sale,-49.00,
05/14/2025,05/15/2025,CLOUDFLARE,Shopping,Sale,-240.00,
05/15/2025,05/15/2025,SP MYFONTS INC,Entertainment,Sale,-15.37,
05/14/2025,05/15/2025,CLOUDFLARE,Shopping,Sale,-10.00,
05/13/2025,05/14/2025,SOURCEGRAPH INC,Shopping,Sale,-9.00,
05/13/2025,05/14/2025,Pond5,Professional Services,Sale,-137.96,
05/13/2025,05/13/2025,TASKADE,Shopping,Sale,-120.00,
05/09/2025,05/11/2025,VIRGIN HOTEL - COMMONS,Food & Drink,Sale,-28.45,
05/09/2025,05/11/2025,LAZ PARKING M32180-FLOWB,Travel,Sale,-7.38,
05/10/2025,05/11/2025,VZWRLSS*PREPAID PYMNT,Bills & Utilities,Sale,-20.00,
05/08/2025,05/09/2025,Spotify USA,Bills & Utilities,Sale,-13.13,
05/08/2025,05/09/2025,CALENDARBRIDGE,Shopping,Sale,-10.00,
05/07/2025,05/08/2025,CURSOR USAGE  APR,Shopping,Sale,-1.27,
05/07/2025,05/07/2025,CURSOR  AI POWERED IDE,Shopping,Sale,-21.95,
05/07/2025,05/07/2025,EASYFAQ.IO,Shopping,Sale,-4.00,
05/04/2025,05/04/2025,APPLE.COM/US,Shopping,Return,109.70,
05/04/2025,05/04/2025,APPLE.COM/US,Shopping,Sale,-3926.80,
05/02/2025,05/04/2025,RENTALTOLL240384544,Travel,Sale,-23.33,
05/02/2025,05/04/2025,ANTHROPIC,Shopping,Sale,-54.90,
04/30/2025,05/02/2025,SH NASHVILLE - OTHER,Travel,Sale,-62.28,
05/01/2025,05/02/2025,GOOGLE *GSUITE_musicci,Bills & Utilities,Sale,-168.77,
04/30/2025,05/02/2025,SH NASHVILLE - OTHER,Travel,Sale,-7.67,
04/30/2025,05/02/2025,SH NASHVILLE - OTHER,Travel,Sale,-7.79,
05/01/2025,05/01/2025,EXPENSIFY  INC.,Shopping,Sale,-19.76,
04/30/2025,04/30/2025,EVERY STUDIO,Shopping,Sale,-5.00,
04/30/2025,04/30/2025,MIDJOURNEY INC.,Shopping,Sale,-32.93,
04/29/2025,04/30/2025,CURSOR USAGE MID  APR,Shopping,Sale,-20.00,
04/27/2025,04/29/2025,MOES SW GRILL/MANCHU W,Food & Drink,Sale,-17.94,
04/28/2025,04/29/2025,HIVE CO,Professional Services,Sale,-1.96,
04/28/2025,04/28/2025,Payment Thank You - Web,,Payment,5500.00,
04/27/2025,04/28/2025,STOCKYARD SALOON,Food & Drink,Sale,-19.00,
04/27/2025,04/28/2025,UBER   *TRIP,Travel,Sale,-92.41,
04/26/2025,04/28/2025,TST*RIVER RANCH STOCKYAR,Food & Drink,Sale,-21.32,
04/27/2025,04/28/2025,MNAA PARKING 2023,Travel,Sale,-100.00,
04/26/2025,04/27/2025,COWBOY CHANNEL PLUS,Bills & Utilities,Sale,-9.99,
04/25/2025,04/27/2025,LS THE BEST HAT STORE,Shopping,Sale,-389.57,
04/24/2025,04/24/2025,CURSOR USAGE MID  APR,Shopping,Sale,-20.00,
04/24/2025,04/24/2025,UBER   *TRIP,Travel,Sale,-181.67,
04/24/2025,04/24/2025,CLAUDE.AI SUBSCRIPTION,Shopping,Sale,-21.95,
04/23/2025,04/23/2025,APPLE.COM/US,Shopping,Return,1645.15,
04/21/2025,04/23/2025,SOUTHWES    5262336286732,Travel,Sale,-934.95,
04/21/2025,04/22/2025,HIVE CO,Professional Services,Sale,-199.20,
04/22/2025,04/22/2025,HUGGINGFACE,Shopping,Sale,-9.00,
04/18/2025,04/20/2025,Payment Thank You - Web,,Payment,1000.00,
04/16/2025,04/17/2025,Audible*8E28H6Z43,Bills & Utilities,Sale,-16.37,
04/16/2025,04/16/2025,PURCHASE INTEREST CHARGE,Fees & Adjustments,Fee,-274.35,
04/16/2025,04/16/2025,CURSOR USAGE MID  APR,Shopping,Sale,-20.00,
04/14/2025,04/15/2025,ZOOM.COM 888-799-9666,Bills & Utilities,Sale,-65.74,
04/13/2025,04/15/2025,049 TORCHYS NORTH ARLINGT,Food & Drink,Sale,-33.00,
04/14/2025,04/15/2025,ZOOM.COM 888-799-9666,Bills & Utilities,Sale,-350.98,
04/14/2025,04/15/2025,ZOOM.COM 888-799-9666,Bills & Utilities,Sale,-175.49,
04/14/2025,04/15/2025,CLOUDFLARE,Shopping,Sale,-10.00,
04/13/2025,04/14/2025,NATIONAL CAR RENTAL,Travel,Sale,-407.47,
04/12/2025,04/14/2025,TEXAS BB CLUB LEVEL,Food & Drink,Sale,-49.34,
04/13/2025,04/14/2025,SOURCEGRAPH INC,Shopping,Sale,-9.00,
04/13/2025,04/14/2025,CURSOR USAGE MID  APR,Shopping,Sale,-20.00,
04/14/2025,04/14/2025,UBER   *TRIP,Travel,Sale,-46.95,
04/13/2025,04/14/2025,DD *DOORDASH BROTHERSP,Food & Drink,Sale,-25.05,
04/13/2025,04/13/2025,LATE FEE,Fees & Adjustments,Fee,-40.00,
04/12/2025,04/13/2025,KIT.COM,Professional Services,Sale,-318.28,
04/13/2025,04/13/2025,UBER   *TRIP,Travel,Sale,-40.76,
04/12/2025,04/13/2025,TST*WHITE RHINO COFFEE -,Food & Drink,Sale,-11.27,
04/11/2025,04/13/2025,UBER   *TRIP,Travel,Sale,-55.12,
04/11/2025,04/13/2025,HOTELTONIGHT*HOLIDAY I,Travel,Sale,-380.00,
04/10/2025,04/13/2025,TST*GREEN HILLS GRILLE,Food & Drink,Sale,-217.40,
04/10/2025,04/13/2025,SH NASHVILLE - OTHER,Travel,Sale,-32.44,
04/12/2025,04/13/2025,UBER   *TRIP,Travel,Sale,-19.41,
04/12/2025,04/13/2025,UBER   *TRIP,Travel,Sale,-18.82,
04/11/2025,04/11/2025,METROPOLIS PARKING,Travel,Sale,-21.00,
04/07/2025,04/09/2025,SOUTHWES    5262331370012,Travel,Sale,-1014.96,
04/08/2025,04/09/2025,CALENDARBRIDGE,Shopping,Sale,-10.00,
04/08/2025,04/09/2025,TOPAZ LABS SOFTWARE,Shopping,Sale,-92.19,
04/08/2025,04/09/2025,Spotify USA,Bills & Utilities,Sale,-13.13,
04/06/2025,04/07/2025,CURSOR USAGE MID  APR,Shopping,Sale,-20.00,
04/07/2025,04/07/2025,EASYFAQ.IO,Shopping,Sale,-4.00,
04/07/2025,04/07/2025,CURSOR  AI POWERED IDE,Shopping,Sale,-20.00,
04/04/2025,04/06/2025,SH NASHVILLE - OTHER,Travel,Sale,-11.68,
04/04/2025,04/06/2025,SH NASHVILLE - OTHER,Travel,Sale,-37.63,
04/04/2025,04/06/2025,SH NASHVILLE - OTHER,Travel,Sale,-33.74,
04/05/2025,04/06/2025,CURSOR USAGE  MAR,Shopping,Sale,-3.16,
04/04/2025,04/06/2025,METROPOLIS PARKING,Travel,Sale,-15.15,
04/04/2025,04/06/2025,METROPOLIS PARKING,Travel,Sale,-26.25,
04/05/2025,04/06/2025,APPLE.COM/US,Shopping,Sale,-1645.15,
04/04/2025,04/06/2025,NASHVILLE BOOT CO.,Shopping,Sale,-537.72,
04/02/2025,04/03/2025,ANTHROPIC,Shopping,Sale,-109.75,
04/02/2025,04/03/2025,ANTHROPIC,Shopping,Sale,-27.44,
04/01/2025,04/02/2025,GOOGLE *GSUITE_musicci,Professional Services,Sale,-123.37,
04/01/2025,04/02/2025,ANTHROPIC,Shopping,Sale,-27.44,
03/31/2025,04/01/2025,SH NASHVILLE F&amp;B,Travel,Sale,-36.88,
03/31/2025,04/01/2025,CURSOR USAGE MID  MAR,Shopping,Sale,-20.00,
04/01/2025,04/01/2025,EXPENSIFY  INC.,Shopping,Sale,-19.76,
03/31/2025,04/01/2025,METROPOLIS PARKING,Travel,Sale,-21.00,
03/30/2025,03/30/2025,MIDJOURNEY INC.,Shopping,Sale,-32.93,
03/28/2025,03/30/2025,HIVE CO,Professional Services,Sale,-925.61,
03/29/2025,03/30/2025,ELEMENTOR.COM,Shopping,Sale,-47.88,
03/29/2025,03/30/2025,HTL*SPRINGHILLSUIT,Travel,Sale,-2520.25,
03/28/2025,03/30/2025,CURSOR USAGE MID  MAR,Shopping,Sale,-20.00,
03/28/2025,03/30/2025,ELEMENTOR.COM,Shopping,Sale,-299.88,
03/28/2025,03/28/2025,ENVATO *70322639,Professional Services,Sale,-15.00,
03/25/2025,03/27/2025,12 SOUTH TAPROOM &amp; GRILL,Food & Drink,Sale,-66.83,
03/25/2025,03/26/2025,METROPOLIS PARKING,Travel,Sale,-36.72,
03/25/2025,03/26/2025,PMC - PAID PARKING,Travel,Sale,-30.73,
03/24/2025,03/25/2025,DD *DOORDASH SHIPLEYDO,Food & Drink,Sale,-26.65,
03/23/2025,03/25/2025,HEADS OR TAILS,Shopping,Sale,-489.29,
03/23/2025,03/25/2025,HOLIDAY INN NRG/MEDICA,Food & Drink,Sale,-59.44,
03/22/2025,03/25/2025,SOUTHWES    5262325012995,Travel,Sale,-11.20,
03/24/2025,03/25/2025,HOTELTONIGHT*HOLIDAY I,Travel,Sale,-220.00,
03/25/2025,03/25/2025,OBSIDIAN.MD,Shopping,Sale,-48.00,
03/23/2025,03/24/2025,CURSOR USAGE MID  MAR,Shopping,Sale,-20.02,
03/24/2025,03/24/2025,CLAUDE.AI SUBSCRIPTION,Shopping,Sale,-21.95,
03/22/2025,03/23/2025,TST* TWO HANDS - NASHVILL,Food & Drink,Sale,-46.45,
03/21/2025,03/23/2025,METROPOLIS PARKING,Travel,Sale,-15.99,
03/21/2025,03/21/2025,HUGGINGFACE,Shopping,Sale,-9.00,
03/20/2025,03/21/2025,CURSOR USAGE MID  MAR,Shopping,Sale,-20.00,
03/20/2025,03/21/2025,HIVE CO,Professional Services,Sale,-199.20,
03/16/2025,03/17/2025,Audible*YY4HR14Q3,Bills & Utilities,Sale,-16.37,
03/16/2025,03/16/2025,PURCHASE INTEREST CHARGE,Fees & Adjustments,Fee,-155.48,
03/13/2025,03/16/2025,UNCLE JULIO'S BRENTWOOD,Food & Drink,Sale,-55.91,
03/14/2025,03/16/2025,CLOUDFLARE,Shopping,Sale,-10.00,
03/13/2025,03/14/2025,SOURCEGRAPH INC,Shopping,Sale,-9.00,
03/13/2025,03/14/2025,METROPOLIS PARKING,Travel,Sale,-36.75,
03/12/2025,03/14/2025,JELLY ROLLS GOOD NIGHT NA,Food & Drink,Sale,-57.78,
03/11/2025,03/12/2025,CURSOR USAGE MID  MAR,Shopping,Sale,-20.00,
03/09/2025,03/11/2025,SH NASHVILLE - OTHER,Travel,Sale,-112.84,
03/08/2025,03/09/2025,CALENDARBRIDGE,Shopping,Sale,-10.00,
03/07/2025,03/09/2025,LAZ PARKING M32180-FLOWB,Travel,Sale,-4.88,
03/06/2025,03/09/2025,SH NASHVILLE - OTHER,Travel,Sale,-49.31,
03/08/2025,03/09/2025,Spotify USA,Bills & Utilities,Sale,-13.13,
03/06/2025,03/09/2025,SH NASHVILLE - OTHER,Travel,Sale,-23.36,
03/05/2025,03/07/2025,TACO BELL #723232,Food & Drink,Sale,-21.00,
03/06/2025,03/07/2025,PMC - PAID PARKING,Travel,Sale,-26.18,
03/07/2025,03/07/2025,EASYFAQ.IO,Shopping,Sale,-4.00,
03/07/2025,03/07/2025,APPLE.COM/US,Shopping,Sale,-108.65,
03/05/2025,03/07/2025,SIR SPEEDY MUSIC CITY,Professional Services,Sale,-807.76,
03/07/2025,03/07/2025,CURSOR  AI POWERED IDE,Shopping,Sale,-20.00,
03/06/2025,03/07/2025,TST* JUST LOVE COFFEE - M,Food & Drink,Sale,-30.92,
03/06/2025,03/07/2025,PMC - PAID PARKING,Travel,Sale,-29.63,
03/05/2025,03/05/2025,SHOPIFY* 338140302,Shopping,Sale,-381.93,
03/03/2025,03/04/2025,CURSOR USAGE  FEB,Shopping,Sale,-3.68,
03/02/2025,03/02/2025,Payment Thank You - Web,,Payment,1500.00,
02/28/2025,03/02/2025,METROPOLIS PARKING,Travel,Sale,-9.73,
03/01/2025,03/02/2025,EXPENSIFY  INC.,Shopping,Sale,-19.76,
02/27/2025,03/02/2025,SHOEBOXED.COM,Shopping,Return,44.25,
03/01/2025,03/02/2025,GOOGLE *GSUITE_musicci,Personal,Sale,-31.05,
02/28/2025,02/28/2025,MIDJOURNEY INC.,Shopping,Sale,-32.93,
02/26/2025,02/28/2025,CORNER PUB,Food & Drink,Sale,-65.36,
02/26/2025,02/28/2025,SH NASHVILLE - OTHER,Travel,Sale,-85.64,
02/26/2025,02/27/2025,METROPOLIS PARKING,Travel,Sale,-15.99,
02/26/2025,02/27/2025,JERSEY OVEN BAGELS,Food & Drink,Sale,-64.57,
02/26/2025,02/26/2025,CURSOR USAGE MID  FEB,Shopping,Sale,-20.00,
02/25/2025,02/26/2025,TST* BOOTLEGGERS INN,Food & Drink,Sale,-49.61,
02/25/2025,02/26/2025,TST* TN731 - CAMBRIA - NA,Food & Drink,Sale,-51.00,
02/25/2025,02/26/2025,SHOEBOXED.COM,Shopping,Sale,-44.25,
02/24/2025,02/25/2025,HATTIEBS,Food & Drink,Sale,-21.93,
02/24/2025,02/25/2025,HATTIEBS,Food & Drink,Sale,-21.93,
02/24/2025,02/25/2025,HATTIEBS,Food & Drink,Sale,-65.78,
02/24/2025,02/24/2025,CLAUDE.AI SUBSCRIPTION,Shopping,Sale,-21.95,
02/20/2025,02/23/2025,SH NASHVILLE - OTHER,Travel,Sale,-7.79,
02/20/2025,02/21/2025,SH NASHVILLE F&amp;B,Travel,Sale,-261.61,
02/21/2025,02/21/2025,METROPOLIS PARKING,Travel,Sale,-26.25,
02/20/2025,02/20/2025,CURSOR USAGE MID  FEB,Shopping,Sale,-20.00,
02/18/2025,02/18/2025,UBER   *TRIP,Travel,Sale,-57.62,
02/17/2025,02/18/2025,THE ALFOND INN AT ROLLINS,Travel,Sale,-14.06,
02/16/2025,02/17/2025,Audible*RI2246V93,Bills & Utilities,Sale,-16.37,
02/16/2025,02/16/2025,PURCHASE INTEREST CHARGE,Fees & Adjustments,Fee,-203.71,
02/14/2025,02/16/2025,CLOUDFLARE,Shopping,Sale,-10.00,
02/15/2025,02/16/2025,HAMILTON'S KITCHEN,Food & Drink,Sale,-110.11,
02/15/2025,02/16/2025,HAMILTON'S KITCHEN,Food & Drink,Sale,-29.50,
02/14/2025,02/14/2025,UBER   *TRIP,Travel,Sale,-55.95,
02/13/2025,02/14/2025,SOURCEGRAPH INC,Shopping,Sale,-9.00,
02/13/2025,02/13/2025,Payment Thank You - Web,,Payment,5000.00,
02/12/2025,02/13/2025,TST* PURA VIDA WILLIAMSBU,Food & Drink,Sale,-7.67,
02/12/2025,02/13/2025,TST* PURA VIDA WILLIAMSBU,Food & Drink,Sale,-28.22,
02/11/2025,02/13/2025,4289 TONY &amp; BENNYS,Food & Drink,Sale,-24.05,
02/11/2025,02/13/2025,ARTHOUSE HOTEL NEW YORK C,Travel,Sale,-44.75,
02/11/2025,02/12/2025,HOTELTONIGHT*ARTHOUSE,Travel,Sale,-159.00,
02/11/2025,02/12/2025,UBER   *TRIP,Travel,Sale,-46.74,
02/11/2025,02/12/2025,UBER   *TRIP,Travel,Sale,-27.39,
02/11/2025,02/12/2025,UBER   *TRIP,Travel,Sale,-55.15,
02/11/2025,02/12/2025,UBER   *TRIP,Travel,Sale,-83.96,
02/12/2025,02/12/2025,UBER   *TRIP,Travel,Sale,-40.95,
02/11/2025,02/12/2025,UBER   *TRIP,Travel,Sale,-69.52,
02/11/2025,02/12/2025,SQ *BREADS BAKERY UPPER E,Food & Drink,Sale,-14.24,
02/11/2025,02/11/2025,UBER   *TRIP,Travel,Sale,-37.98,
02/11/2025,02/11/2025,UBER   *TRIP,Travel,Sale,-7.00,
02/11/2025,02/11/2025,UBER   *TRIP,Travel,Sale,-104.68,
02/07/2025,02/10/2025,CHAR GREEN HILLS,Food & Drink,Sale,-19.37,
02/07/2025,02/09/2025,FIRST WATCH - 0462,Food & Drink,Sale,-38.73,
02/08/2025,02/09/2025,Spotify USA,Bills & Utilities,Sale,-13.13,
02/07/2025,02/09/2025,PMC - PAID PARKING,Travel,Sale,-12.35,
02/08/2025,02/09/2025,CALENDARBRIDGE,Shopping,Sale,-10.00,
02/06/2025,02/07/2025,CLOUDFLARE,Shopping,Sale,-240.00,
02/05/2025,02/07/2025,TST*BROWNS DINER,Food & Drink,Sale,-105.38,
02/07/2025,02/07/2025,PMC - PAID PARKING,Travel,Sale,-17.29,
02/07/2025,02/07/2025,CURSOR  AI POWERED IDE,Shopping,Sale,-20.00,
02/05/2025,02/06/2025,METROPOLIS PARKING,Travel,Sale,-15.99,
02/05/2025,02/06/2025,SH NASHVILLE F&amp;B,Travel,Sale,-65.86,
02/05/2025,02/06/2025,PMC - PAID PARKING,Travel,Sale,-8.40,
02/04/2025,02/06/2025,SOUTHWES    5262307132361,Travel,Sale,-526.96,
02/03/2025,02/03/2025,CURSOR USAGE  JAN,Shopping,Sale,-15.92,
02/03/2025,02/03/2025,SHOPIFY* 326422835,Shopping,Sale,-1.10,
02/01/2025,02/02/2025,EXPENSIFY  INC.,Shopping,Sale,-19.76,
01/29/2025,01/30/2025,UBER   *TRIP,Travel,Sale,-12.72,
01/30/2025,01/30/2025,UBER   *TRIP,Travel,Sale,-59.62,
01/30/2025,01/30/2025,MIDJOURNEY INC.,Shopping,Sale,-32.93,
01/25/2025,01/28/2025,SHOEBOXED.COM,Shopping,Sale,-44.25,
01/22/2025,01/24/2025,BARLINES OMNI NASHVILL,Food & Drink,Sale,-11.78,
01/22/2025,01/24/2025,SH NASHVILLE - OTHER,Travel,Sale,-52.99,
01/22/2025,01/24/2025,SH NASHVILLE - OTHER,Travel,Sale,-7.76,
01/24/2025,01/24/2025,CLAUDE.AI SUBSCRIPTION,Shopping,Sale,-21.95,
01/24/2025,01/24/2025,PIKA.ART,Shopping,Sale,-35.00,
01/21/2025,01/23/2025,SH NASHVILLE - OTHER,Travel,Sale,-7.76,
01/21/2025,01/23/2025,SH NASHVILLE - OTHER,Travel,Sale,-45.24,
01/23/2025,01/23/2025,METROPOLIS PARKING,Travel,Sale,-26.25,
01/21/2025,01/23/2025,SH NASHVILLE - OTHER,Travel,Sale,-15.51,
01/22/2025,01/22/2025,METROPOLIS PARKING,Travel,Sale,-26.25,
01/20/2025,01/21/2025,CURSOR  AI POWERED IDE,Shopping,Sale,-11.46,
01/18/2025,01/19/2025,CHARTMETRIC,Shopping,Sale,-160.00,
01/18/2025,01/19/2025,METROPOLIS PARKING,Travel,Sale,-10.23,
01/16/2025,01/17/2025,Audible*Z59ZQ9DZ0,Bills & Utilities,Sale,-16.37,
01/17/2025,01/17/2025,METROPOLIS PARKING,Travel,Sale,-26.25,
01/16/2025,01/17/2025,TST* MELROSE BILLIARD PAR,Food & Drink,Sale,-78.00,
01/16/2025,01/16/2025,PURCHASE INTEREST CHARGE,Fees & Adjustments,Fee,-189.85,
01/15/2025,01/16/2025,JERSEY MIKES ONLINE UC,Food & Drink,Sale,-50.28,
01/15/2025,01/16/2025,CLOUDFLARE,Shopping,Sale,-4.84,
01/14/2025,01/15/2025,PMC - PAID PARKING,Travel,Sale,-26.22,
01/14/2025,01/15/2025,METROPOLIS PARKING,Travel,Sale,-9.73,
01/14/2025,01/15/2025,CLOUDFLARE,Shopping,Sale,-5.00,
01/13/2025,01/14/2025,SOURCEGRAPH INC,Shopping,Sale,-9.00,
01/13/2025,01/14/2025,AMZN Mktp US,Shopping,Return,153.62,
01/13/2025,01/13/2025,Payment Thank You - Web,,Payment,500.00,
01/09/2025,01/10/2025,PMC - PAID PARKING,Travel,Sale,-23.21,
01/08/2025,01/09/2025,Spotify USA,Bills & Utilities,Sale,-13.13,
01/08/2025,01/09/2025,METROPOLIS PARKING,Travel,Sale,-17.88,
01/08/2025,01/09/2025,TST*DICEYS TAVERN - NAS,Food & Drink,Sale,-24.56,
01/09/2025,01/09/2025,METROPOLIS PARKING,Travel,Sale,-21.00,
01/08/2025,01/09/2025,CALENDARBRIDGE,Shopping,Sale,-10.00,
01/06/2025,01/08/2025,SH NASHVILLE - OTHER,Travel,Sale,-72.38,
01/07/2025,01/08/2025,SQ *MONAMIE COFFEE,Food & Drink,Sale,-16.54,
01/06/2025,01/07/2025,THE DONELSON PUB,Food & Drink,Sale,-13.50,
01/06/2025,01/07/2025,THE DONELSON PUB,Food & Drink,Sale,-50.00,
01/07/2025,01/07/2025,CURSOR  AI POWERED IDE,Shopping,Sale,-100.00,
01/06/2025,01/07/2025,METROPOLIS PARKING,Travel,Sale,-18.47,
01/06/2025,01/07/2025,METROPOLIS PARKING,Travel,Sale,-15.99,
01/05/2025,01/06/2025,THE GOAT MOUNT JULIET,Food & Drink,Sale,-155.60,
01/04/2025,01/05/2025,DEL FRISCOS GRIL BRNTWOD,Food & Drink,Sale,-78.36,
01/04/2025,01/05/2025,DEL FRISCOS GRIL BRNTWOD,Food & Drink,Sale,-65.88,
12/30/2024,01/01/2025,LITTLE CAESARS 1890-0003,Food & Drink,Sale,-51.30,
01/01/2025,01/01/2025,EXPENSIFY  INC.,Shopping,Sale,-19.76,
12/30/2024,12/30/2024,MIDJOURNEY INC.,Shopping,Sale,-32.93,
12/28/2024,12/29/2024,CARTA NORTH GARAGE,Travel,Sale,-8.00,
12/25/2024,12/26/2024,SHOEBOXED.* TRIAL PROF,Shopping,Sale,-44.25,
12/22/2024,12/24/2024,MED*VANDERBILT UNIVERSITY,Health & Wellness,Return,119.61,
12/24/2024,12/24/2024,PIKA.ART,Shopping,Sale,-28.00,
12/24/2024,12/24/2024,CLAUDE.AI SUBSCRIPTION,Shopping,Sale,-21.95,
12/20/2024,12/22/2024,SH NASHVILLE - OTHER,Travel,Sale,-20.68,
12/20/2024,12/22/2024,TST*GREEN HILLS GRILLE,Food & Drink,Sale,-49.84,
12/19/2024,12/22/2024,CORNER PUB,Food & Drink,Sale,-130.12,
12/21/2024,12/22/2024,AMAZON MKTPL*Z954Y0GI0,Shopping,Sale,-66.96,
12/21/2024,12/22/2024,CURSOR  AI POWERED IDE,Shopping,Sale,-24.43,
12/19/2024,12/20/2024,ROSTR PRO* TRIAL OVER,Shopping,Sale,-360.00,
12/18/2024,12/20/2024,W NASHVILLE,Travel,Sale,-55.98,
12/18/2024,12/20/2024,W NASHVILLE,Travel,Sale,-180.00,
12/17/2024,12/19/2024,TST*CROWS NEST,Food & Drink,Sale,-80.70,
12/19/2024,12/19/2024,METROPOLIS PARKING,Travel,Sale,-16.29,
12/18/2024,12/19/2024,CHARTMETRIC,Shopping,Sale,-160.00,
12/18/2024,12/19/2024,METROPOLIS PARKING,Travel,Sale,-15.99,
12/16/2024,12/18/2024,SH NASHVILLE - OTHER,Travel,Sale,-45.24,
12/17/2024,12/17/2024,METROPOLIS PARKING,Travel,Sale,-21.00,
12/16/2024,12/17/2024,Audible*Z14989W12,Bills & Utilities,Sale,-16.37,
12/16/2024,12/16/2024,PURCHASE INTEREST CHARGE,Fees & Adjustments,Fee,-155.98,
12/14/2024,12/15/2024,AMAZON MKTPL*Z12M40P52,Shopping,Sale,-995.30,
12/14/2024,12/15/2024,CLOUDFLARE,Shopping,Sale,-5.00,
12/14/2024,12/15/2024,CURSOR  AI POWERED IDE,Shopping,Sale,-33.59,
12/13/2024,12/15/2024,SOURCEGRAPH INC,Shopping,Sale,-9.00,
12/12/2024,12/15/2024,SH NASHVILLE - OTHER,Travel,Sale,-15.51,
12/12/2024,12/13/2024,METROPOLIS PARKING,Travel,Sale,-21.00,
12/08/2024,12/11/2024,VHLV-LODGING,Travel,Sale,-108.84,
12/08/2024,12/10/2024,VHLV-KITCHEN AT COMMON,Food & Drink,Sale,-35.00,
12/07/2024,12/09/2024,SOUTHWES    5262587584631,Travel,Sale,-664.98,
12/07/2024,12/09/2024,PIZZA FORTE HARD ROCK,Food & Drink,Sale,-33.16,
12/08/2024,12/09/2024,Spotify USA,Bills & Utilities,Sale,-13.13,
12/08/2024,12/09/2024,CALENDARBRIDGE,Shopping,Sale,-10.00,
12/09/2024,12/09/2024,UBER   *TRIP,Travel,Sale,-34.07,
12/09/2024,12/09/2024,UBER   *TRIP,Travel,Sale,-46.83,
12/07/2024,12/09/2024,VHLV-CHOW FUN,Food & Drink,Sale,-40.60,
12/07/2024,12/09/2024,DESERT STAR LOUNGE,Food & Drink,Sale,-19.00,
12/07/2024,12/08/2024,HOTELTONIGHT*VIRGIN HO,Travel,Sale,-355.00,
12/06/2024,12/08/2024,PORT OF SUBS 0053,Food & Drink,Sale,-17.55,
12/06/2024,12/08/2024,DESERT CAB,Travel,Sale,-43.49,
12/07/2024,12/08/2024,CURB LV TAXI YCS,Travel,Sale,-16.83,
12/05/2024,12/08/2024,DESERT CAB,Travel,Sale,-34.44,
12/07/2024,12/08/2024,GOLDEN NUGGET HOTEL LV,Travel,Sale,-1142.43,
12/06/2024,12/08/2024,STARBUCKS STORE 00661,Food & Drink,Sale,-9.86,
12/06/2024,12/08/2024,UBER   *TRIP,Travel,Sale,-20.84,
12/07/2024,12/08/2024,UBER   *TRIP,Travel,Sale,-34.68,
12/06/2024,12/08/2024,COSMOPOL-BANG BAR,Food & Drink,Sale,-33.38,
12/07/2024,12/08/2024,CURSOR  AI POWERED IDE,Shopping,Sale,-20.00,
12/06/2024,12/08/2024,CURB LV TAXI YCS,Travel,Sale,-18.89,
12/05/2024,12/08/2024,BONANNOS NY PIZZERIA D,Food & Drink,Sale,-38.82,
12/06/2024,12/08/2024,CURB LV TAXI YCS,Travel,Sale,-29.87,
12/05/2024,12/06/2024,CHICK-FIL-A LAS VEGAS,Food & Drink,Sale,-24.25,
12/05/2024,12/06/2024,UBER   *TRIP,Travel,Sale,-21.51,
12/05/2024,12/06/2024,SP SCHAEFER OUTFITTE,Shopping,Sale,-411.83,
12/05/2024,12/06/2024,Amazon.com*ZR2C09ZC2,Shopping,Sale,-971.97,
12/06/2024,12/06/2024,UBER   *TRIP,Travel,Sale,-54.93,
12/05/2024,12/06/2024,LAS VEGAS CONVENTION CTR,Personal,Sale,-26.50,
12/06/2024,12/06/2024,UBER   *TRIP,Travel,Sale,-35.21,
12/03/2024,12/05/2024,RWLV RW STORE HILTON,Shopping,Sale,-31.67,
12/04/2024,12/05/2024,CURB LV TAXI YCS,Travel,Sale,-46.32,
12/04/2024,12/05/2024,CURB LV TAXI NELLIS,Travel,Sale,-37.18,
12/03/2024,12/05/2024,COSMOPOL-BLUE RIBBON,Food & Drink,Sale,-708.64,
12/02/2024,12/05/2024,SO PT CATALINA BAR,Food & Drink,Sale,-11.00,
12/03/2024,12/05/2024,STARBUCKS 65853,Food & Drink,Sale,-22.37,
12/04/2024,12/04/2024,PROFESSIONAL RODEO COWBO,Entertainment,Sale,-75.00,
12/03/2024,12/04/2024,UBER   *TRIP,Travel,Sale,-28.46,
12/02/2024,12/04/2024,WENDYS #652,Food & Drink,Sale,-20.14,
12/03/2024,12/03/2024,UBER   *TRIP,Travel,Sale,-48.15,
12/03/2024,12/03/2024,UBER   *TRIP,Travel,Sale,-24.22,
12/02/2024,12/03/2024,UBER   *TRIP,Travel,Sale,-51.07,
12/02/2024,12/03/2024,THE URBAN JUICER,Food & Drink,Sale,-12.25,
12/02/2024,12/03/2024,UBER   *TRIP,Travel,Sale,-37.14,
11/30/2024,12/01/2024,MIDJOURNEY INC.,Shopping,Sale,-32.93,
12/01/2024,12/01/2024,EXPENSIFY  INC.,Shopping,Sale,-19.76,
11/30/2024,12/01/2024,IM-ADA.AI,Shopping,Sale,-100.00,
11/30/2024,12/01/2024,AMZN Mktp US*Z326K25Q1,Shopping,Sale,-614.48,
11/29/2024,12/01/2024,GOLDEN NUGGET HOTEL LV,Travel,Sale,-123.17,
11/27/2024,11/29/2024,SOUTHWES    5262584463367,Travel,Sale,-884.98,
11/27/2024,11/28/2024,PMC - PAID PARKING,Travel,Sale,-12.84,
11/25/2024,11/27/2024,CORNER PUB,Food & Drink,Sale,-72.89,
11/25/2024,11/27/2024,SH NASHVILLE - OTHER,Travel,Sale,-38.78,
11/25/2024,11/27/2024,CORNER PUB,Food & Drink,Sale,-51.98,
11/24/2024,11/26/2024,SH NASHVILLE - OTHER,Travel,Sale,-52.99,
11/26/2024,11/26/2024,METROPOLIS PARKING,Travel,Sale,-26.25,
11/25/2024,11/25/2024,METROPOLIS PARKING,Travel,Sale,-26.25,
11/24/2024,11/24/2024,Payment Thank You - Web,,Payment,21000.00,
11/23/2024,11/24/2024,METROPOLIS PARKING,Travel,Sale,-26.25,
11/22/2024,11/24/2024,SH NASHVILLE - OTHER,Travel,Sale,-34.90,
11/24/2024,11/24/2024,CLAUDE.AI SUBSCRIPTION,Shopping,Sale,-21.95,
11/22/2024,11/24/2024,SH NASHVILLE - OTHER,Travel,Sale,-59.46,
11/22/2024,11/24/2024,SH NASHVILLE - OTHER,Travel,Sale,-15.51,
11/21/2024,11/22/2024,PARKING OMNI NASHVILLE PA,Travel,Sale,-34.96,
11/21/2024,11/22/2024,METROPOLIS PARKING,Travel,Sale,-26.25,
11/19/2024,11/21/2024,Marsh House,Food & Drink,Sale,-30.69,
11/20/2024,11/21/2024,IM-ADA.AI,Shopping,Sale,-100.00,
11/20/2024,11/20/2024,METROPOLIS PARKING,Travel,Sale,-20.66,
11/18/2024,11/19/2024,CHARTMETRIC,Shopping,Sale,-160.00,
11/17/2024,11/19/2024,BROADWAY BREWHOUSE DOWNTO,Food & Drink,Sale,-47.34,
11/14/2024,11/17/2024,SH NASHVILLE - OTHER,Travel,Sale,-7.76,
11/15/2024,11/17/2024,SH NASHVILLE - OTHER,Travel,Sale,-16.80,
11/15/2024,11/17/2024,METROPOLIS PARKING,Travel,Sale,-29.40,
11/16/2024,11/17/2024,Audible*C56XE5HN3,Bills & Utilities,Sale,-16.37,
11/16/2024,11/17/2024,METROPOLIS PARKING,Travel,Sale,-26.25,
11/15/2024,11/15/2024,PURCHASE INTEREST CHARGE,Fees & Adjustments,Fee,-309.90,
11/14/2024,11/15/2024,METROPOLIS PARKING,Travel,Sale,-15.99,
11/14/2024,11/15/2024,ANTHROPIC,Shopping,Sale,-27.44,
11/15/2024,11/15/2024,METROPOLIS PARKING,Travel,Sale,-15.99,
11/14/2024,11/15/2024,12 SOUTH TAPROOM &amp; GRILL,Food & Drink,Sale,-279.44,
11/14/2024,11/15/2024,CLOUDFLARE,Shopping,Sale,-5.00,
11/13/2024,11/14/2024,SQ *THE PERCH,Groceries,Sale,-42.01,
11/13/2024,11/14/2024,SOURCEGRAPH INC,Shopping,Sale,-9.00,
11/12/2024,11/14/2024,SH NASHVILLE - OTHER,Travel,Sale,-176.99,
11/13/2024,11/13/2024,GIVERGY: CHARITY EVENT,Gifts & Donations,Sale,-1043.66,
11/12/2024,11/13/2024,SH NASHVILLE F&amp;B,Travel,Sale,-361.72,
11/13/2024,11/13/2024,METROPOLIS PARKING,Travel,Sale,-15.99,
11/09/2024,11/10/2024,IM-ADA.AI,Shopping,Sale,-50.00,
11/08/2024,11/10/2024,CALENDARBRIDGE,Shopping,Sale,-10.00,
11/08/2024,11/10/2024,METROPOLIS PARKING,Travel,Sale,-10.99,
11/08/2024,11/10/2024,Spotify USA,Bills & Utilities,Sale,-13.13,
11/08/2024,11/10/2024,SH NASHVILLE - OTHER,Travel,Sale,-45.24,
11/08/2024,11/08/2024,DD *DOORDASH LASPALMAS,Food & Drink,Sale,-25.57,
11/07/2024,11/08/2024,SQ *DISTRICT COFFEE,Food & Drink,Sale,-12.46,
11/07/2024,11/08/2024,SQ *CANNERY HALL,Entertainment,Sale,-20.64,
11/06/2024,11/07/2024,SH NASHVILLE F&amp;B,Travel,Sale,-102.26,
11/07/2024,11/07/2024,IM-ADA.AI,Shopping,Sale,-50.00,
11/07/2024,11/07/2024,METROPOLIS PARKING,Travel,Sale,-26.25,
11/06/2024,11/07/2024,PMC - PAID PARKING,Travel,Sale,-23.21,
11/04/2024,11/06/2024,CORNER PUB,Food & Drink,Sale,-39.87,
11/04/2024,11/05/2024,PY *Trimlight Nashville,Home,Sale,-499.00,
11/03/2024,11/04/2024,IM-ADA.AI,Shopping,Sale,-25.00,
11/01/2024,11/03/2024,EXPENSIFY  INC.,Shopping,Sale,-19.76,
11/01/2024,11/03/2024,METROPOLIS PARKING,Travel,Sale,-21.00,
11/01/2024,11/03/2024,IM-ADA.AI,Shopping,Sale,-25.00,
11/01/2024,11/03/2024,NOTION LABS  INC.,Professional Services,Sale,-52.68,
11/01/2024,11/03/2024,SH NASHVILLE - OTHER,Travel,Sale,-23.27,
10/31/2024,11/01/2024,DD *DOORDASH KALAMATAS,Food & Drink,Sale,-67.97,
10/30/2024,10/31/2024,12 SOUTH TAPROOM &amp; GRILL,Food & Drink,Sale,-159.74,
10/30/2024,10/31/2024,DD *DOORDASH TACOBAMBA,Food & Drink,Sale,-49.24,
10/30/2024,10/30/2024,MIDJOURNEY INC.,Shopping,Sale,-32.93,
10/28/2024,10/30/2024,JJK FOUNDATION,Gifts & Donations,Sale,-60.00,
10/27/2024,10/28/2024,GAMESTOP 7623,Entertainment,Sale,-648.49,
10/26/2024,10/28/2024,LE MERIDIEN ST. LOUIS,Travel,Sale,-427.56,
10/26/2024,10/27/2024,IMDbPro,Bills & Utilities,Sale,-19.99,
10/25/2024,10/27/2024,BONHOMME PLACE GARAGE,Travel,Sale,-27.00,
10/26/2024,10/27/2024,UBER   *TRIP,Travel,Sale,-49.71,
10/25/2024,10/25/2024,IM-ADA.AI,Shopping,Sale,-50.00,
10/23/2024,10/25/2024,TST*FIDO BONGO JAVA,Food & Drink,Sale,-34.75,
10/23/2024,10/25/2024,201 BELCOURT LOT,Travel,Sale,-6.73,
10/24/2024,10/24/2024,CLAUDE.AI SUBSCRIPTION,Shopping,Sale,-21.95,
10/23/2024,10/23/2024,Payment Thank You - Web,,Payment,1000.00,
10/21/2024,10/22/2024,IM-ADA.AI,Shopping,Sale,-50.00,
10/21/2024,10/22/2024,IM-ADA.AI,Shopping,Sale,-50.00,
10/22/2024,10/22/2024,RUNWAY STANDARD PLAN,Shopping,Sale,-144.00,
10/20/2024,10/21/2024,NORDSTROM DIRECT #0808,Shopping,Sale,-653.01,
10/18/2024,10/20/2024,CHARTMETRIC,Shopping,Sale,-160.00,
10/18/2024,10/18/2024,IM-ADA.AI,Shopping,Sale,-25.00,
10/16/2024,10/18/2024,CORNER PUB,Food & Drink,Sale,-133.44,
10/16/2024,10/18/2024,SH NASHVILLE - OTHER,Travel,Sale,-37.48,
10/18/2024,10/18/2024,IM-ADA.AI,Shopping,Sale,-25.00,
10/16/2024,10/18/2024,SH NASHVILLE - OTHER,Travel,Sale,-29.73,
10/16/2024,10/17/2024,PMC - PAID PARKING,Travel,Sale,-26.22,
10/16/2024,10/17/2024,PMC - PAID PARKING,Travel,Sale,-26.22,
10/16/2024,10/17/2024,PMC - PAID PARKING,Travel,Sale,-19.94,
10/16/2024,10/17/2024,ACADEMY OF COUNTRY MUS,Personal,Sale,-1450.00,
10/16/2024,10/17/2024,SH NASHVILLE F&amp;B,Travel,Sale,-84.35,
10/16/2024,10/17/2024,Audible*3Z1515TZ3,Bills & Utilities,Sale,-16.37,
10/15/2024,10/17/2024,CHAR GREEN HILLS,Food & Drink,Sale,-422.72,
10/16/2024,10/16/2024,PURCHASE INTEREST CHARGE,Fees & Adjustments,Fee,-226.93,
10/14/2024,10/15/2024,CLOUDFLARE,Shopping,Sale,-5.00,
10/13/2024,10/14/2024,SOURCEGRAPH INC,Shopping,Sale,-9.00,
10/13/2024,10/13/2024,LATE FEE,Fees & Adjustments,Fee,-40.00,
10/11/2024,10/13/2024,SH NASHVILLE - OTHER,Travel,Sale,-23.27,
10/11/2024,10/13/2024,SH NASHVILLE - OTHER,Travel,Sale,-27.14,
10/11/2024,10/13/2024,DD *DOORDASH LASPALMAS,Food & Drink,Sale,-24.22,
10/11/2024,10/13/2024,SH NASHVILLE - OTHER,Travel,Sale,-62.04,
10/10/2024,10/11/2024,SuitSupply,Shopping,Return,218.40,
10/10/2024,10/11/2024,12 SOUTH TAPROOM &amp; GRILL,Food & Drink,Sale,-123.79,
10/08/2024,10/10/2024,CORNER PUB,Food & Drink,Sale,-83.92,
10/09/2024,10/10/2024,PMC - PAID PARKING,Travel,Sale,-30.05,
10/08/2024,10/09/2024,CALENDARBRIDGE,Shopping,Sale,-10.00,
10/07/2024,10/09/2024,SH NASHVILLE - OTHER,Travel,Sale,-52.99,
10/08/2024,10/09/2024,Spotify USA,Bills & Utilities,Sale,-13.13,
10/07/2024,10/09/2024,SH NASHVILLE - OTHER,Travel,Sale,-29.73,
10/08/2024,10/09/2024,IM-ADA.AI,Shopping,Sale,-50.00,
10/08/2024,10/08/2024,METROPOLIS PARKING,Travel,Sale,-26.25,
10/05/2024,10/07/2024,NORDSTROM DIRECT #0808,Shopping,Return,650.04,
10/04/2024,10/06/2024,METROPOLIS PARKING,Travel,Sale,-21.00,
10/03/2024,10/06/2024,REPLIT  INC.,Shopping,Return,120.00,
10/04/2024,10/06/2024,APPLE.COM/BILL,Shopping,Sale,-7.99,
10/04/2024,10/06/2024,IM-ADA.AI,Shopping,Sale,-25.00,
10/04/2024,10/06/2024,SH NASHVILLE - OTHER,Travel,Sale,-23.27,
10/03/2024,10/06/2024,TST*HEARTS CAFE,Food & Drink,Sale,-27.40,
10/04/2024,10/06/2024,APPLE.COM/BILL,Shopping,Sale,-23.14,
10/03/2024,10/04/2024,PMC - PAID PARKING,Travel,Sale,-20.76,
10/03/2024,10/04/2024,TST* SMOKIN THIGHS LLC,Food & Drink,Sale,-106.85,
10/01/2024,10/03/2024,TST*BONGO JAVA BELMONT,Food & Drink,Sale,-10.49,
10/02/2024,10/03/2024,IM-ADA.AI,Shopping,Sale,-10.00,
10/01/2024,10/02/2024,TST* THE GREENHOUSE BAR,Food & Drink,Sale,-61.00,
10/01/2024,10/01/2024,EXPENSIFY  INC.,Shopping,Sale,-19.76,
09/30/2024,10/01/2024,IM-ADA.AI,Shopping,Sale,-50.00,
09/30/2024,09/30/2024,MIDJOURNEY INC.,Shopping,Sale,-32.93,
09/28/2024,09/29/2024,IM-ADA.AI,Shopping,Sale,-25.00,
09/26/2024,09/29/2024,SH NASHVILLE - OTHER,Travel,Sale,-14.22,
09/28/2024,09/29/2024,IM-ADA.AI,Shopping,Sale,-25.00,
09/28/2024,09/29/2024,IM-ADA.AI,Shopping,Sale,-25.00,
09/28/2024,09/29/2024,APPLE.COM/BILL,Shopping,Sale,-40.33,
09/25/2024,09/27/2024,SH NASHVILLE - OTHER,Travel,Sale,-224.64,
09/26/2024,09/27/2024,PARK HAPPY LLC,Travel,Sale,-8.85,
09/26/2024,09/26/2024,IMDbPro,Bills & Utilities,Sale,-19.99,
09/25/2024,09/26/2024,LAZGO NASHVILLE M32180,Travel,Sale,-5.18,
09/25/2024,09/26/2024,THE GATEWAY TO NASHVILLE,Travel,Sale,-20.00,
09/24/2024,09/26/2024,SH NASHVILLE - OTHER,Travel,Sale,-689.59,
09/25/2024,09/26/2024,APPLE.COM/BILL,Shopping,Sale,-16.96,
09/25/2024,09/26/2024,PMC - PAID PARKING,Travel,Sale,-26.22,
09/24/2024,09/24/2024,CLAUDE.AI SUBSCRIPTION,Shopping,Sale,-21.95,
09/22/2024,09/24/2024,PAIGE LLC,Shopping,Return,185.48,
09/23/2024,09/24/2024,NORDSTROM DIRECT #0808,Shopping,Sale,-650.04,
09/22/2024,09/24/2024,NORDSTROM #0759,Shopping,Return,812.47,
09/21/2024,09/23/2024,201 BELCOURT LOT,Travel,Sale,-5.60,
09/19/2024,09/22/2024,SH NASHVILLE - OTHER,Travel,Sale,-11.63,
09/19/2024,09/22/2024,SH NASHVILLE - OTHER,Travel,Sale,-38.78,
09/18/2024,09/22/2024,SH NASHVILLE - OTHER,Travel,Sale,-71.09,
09/19/2024,09/20/2024,APPLE.COM/BILL,Shopping,Sale,-8.75,
09/19/2024,09/20/2024,AMERICANO LOUNGE,Food & Drink,Sale,-14.09,
09/20/2024,09/20/2024,METROPOLIS PARKING,Travel,Sale,-26.25,
09/17/2024,09/19/2024,PAIGE LLC,Shopping,Return,677.16,
09/18/2024,09/19/2024,PMC - PAID PARKING,Travel,Sale,-29.22,
09/16/2024,09/18/2024,TST*MARTINS BAR-B-QUE JO,Food & Drink,Sale,-144.06,
09/16/2024,09/18/2024,SH NASHVILLE - OTHER,Travel,Sale,-40.07,
09/18/2024,09/18/2024,METROPOLIS PARKING,Travel,Sale,-10.99,
09/17/2024,09/18/2024,UBER   *TRIP,Travel,Sale,-38.79,
09/16/2024,09/17/2024,METROPOLIS PARKING,Travel,Sale,-17.88,
09/16/2024,09/17/2024,PARKINGMANAGEMENTCOMPANY,Travel,Sale,-38.24,
09/16/2024,09/17/2024,PMC - PAID PARKING,Travel,Sale,-26.22,
09/16/2024,09/17/2024,Audible*EG9U55603,Bills & Utilities,Sale,-16.37,
09/16/2024,09/16/2024,PURCHASE INTEREST CHARGE,Fees & Adjustments,Fee,-212.94,
09/13/2024,09/16/2024,SOUTHWES    5262554639613,Travel,Return,5.60,
09/15/2024,09/16/2024,APPLE.COM/BILL,Shopping,Sale,-76.81,
09/15/2024,09/16/2024,Away,Shopping,Sale,-378.64,
09/14/2024,09/15/2024,CLOUDFLARE,Shopping,Sale,-5.00,
09/15/2024,09/15/2024,APPLE.COM/BILL,Shopping,Sale,-77.89,
09/13/2024,09/15/2024,GOLDEN NUGGET HOTEL LV,Travel,Sale,-313.01,
09/11/2024,09/13/2024,SOUTHWES    5262559542910,Travel,Sale,-5.60,
09/11/2024,09/13/2024,SWA*UPGBOARD5264253431024,Travel,Sale,-40.00,
09/11/2024,09/13/2024,SOUTHWES    5262559543118,Travel,Sale,-5.60,
09/11/2024,09/13/2024,SWA*UPGBOARD5264253430990,Travel,Sale,-40.00,
09/12/2024,09/13/2024,GNLV THE GRILLE,Food & Drink,Sale,-27.22,
09/09/2024,09/12/2024,SOUTHWES    5262554639287,Travel,Return,5.60,
09/09/2024,09/12/2024,SOUTHWES    5262554639394,Travel,Return,5.60,
09/09/2024,09/12/2024,VIRTUAL CONSULTATION,Professional Services,Return,1597.00,
09/11/2024,09/12/2024,APPLE.COM/BILL,Shopping,Sale,-27.43,
09/11/2024,09/12/2024,TST* PYRAMIDS CAFE - AIRP,Food & Drink,Sale,-20.66,
09/12/2024,09/12/2024,UBER   *TRIP,Travel,Sale,-26.92,
09/12/2024,09/12/2024,UBER   *TRIP,Travel,Sale,-55.53,
09/12/2024,09/12/2024,UBER   *TRIP,Travel,Sale,-41.98,
09/11/2024,09/12/2024,CADILLAC BAR LAS VEGAS,Food & Drink,Sale,-86.62,
09/10/2024,09/12/2024,BINION'S BARS,Food & Drink,Sale,-43.50,
09/09/2024,09/11/2024,SOUTHWES    5262558734943,Travel,Sale,-5.60,
09/09/2024,09/11/2024,SOUTHWES    5262558734553,Travel,Sale,-5.60,
09/11/2024,09/11/2024,UBER   *TRIP,Travel,Sale,-44.78,
09/10/2024,09/11/2024,DEL FRISCOS GRILL NASHVL,Food & Drink,Sale,-69.90,
09/09/2024,09/10/2024,METROPOLIS PARKING,Travel,Sale,-7.55,
09/08/2024,09/09/2024,Spotify USA,Bills & Utilities,Sale,-13.13,
09/08/2024,09/09/2024,NORDSTROM #0759,Shopping,Sale,-1518.58,
09/09/2024,09/09/2024,APPLE.COM/BILL,Shopping,Sale,-93.26,
09/08/2024,09/09/2024,APPLE.COM/BILL,Shopping,Sale,-5.48,
09/08/2024,09/09/2024,PAIGE LLC,Shopping,Sale,-652.22,
09/08/2024,09/09/2024,CLEAR  *clearme.com,Personal,Sale,-318.00,
09/08/2024,09/09/2024,AMAZON MKTPL*Z82MQ1Z72,Shopping,Sale,-174.50,
09/08/2024,09/09/2024,AMAZON MKTPL*ZT49G6IH0,Shopping,Sale,-24.13,
09/08/2024,09/09/2024,CALENDARBRIDGE,Shopping,Sale,-10.00,
09/06/2024,09/08/2024,SH NASHVILLE - OTHER,Travel,Sale,-40.07,
09/06/2024,09/08/2024,SH NASHVILLE - OTHER,Travel,Sale,-24.56,
09/07/2024,09/08/2024,APPLE.COM/BILL,Shopping,Sale,-10.96,
09/07/2024,09/08/2024,METROPOLIS PARKING,Travel,Sale,-26.25,
09/06/2024,09/08/2024,SuitSupply,Shopping,Return,53.78,
09/06/2024,09/08/2024,APPLE.COM/BILL,Shopping,Sale,-7.99,
09/07/2024,09/08/2024,GOLDEN NUGGET HOTEL LV,Travel,Sale,-100.57,
09/05/2024,09/08/2024,SH NASHVILLE - OTHER,Travel,Sale,-100.82,
09/06/2024,09/08/2024,APPLE.COM/BILL,Shopping,Sale,-10.96,
09/05/2024,09/06/2024,METROPOLIS PARKING,Travel,Sale,-21.00,
09/04/2024,09/06/2024,CORNER PUB,Food & Drink,Sale,-39.78,
09/06/2024,09/06/2024,BUCK MASON,Shopping,Return,264.18,
09/06/2024,09/06/2024,APPLE.COM/BILL,Shopping,Sale,-3.28,
09/04/2024,09/06/2024,CORNER PUB,Food & Drink,Sale,-45.15,
09/05/2024,09/06/2024,METROPOLIS PARKING,Travel,Sale,-10.99,
09/04/2024,09/06/2024,12 SOUTH TAPROOM &amp; GRILL,Food & Drink,Sale,-59.16,
09/04/2024,09/05/2024,SQ *WELL COFFEEHOUSE BREN,Food & Drink,Sale,-5.46,
09/04/2024,09/05/2024,PMC - PAID PARKING,Travel,Sale,-24.59,
09/03/2024,09/04/2024,METROPOLIS PARKING,Travel,Sale,-17.88,
09/03/2024,09/04/2024,SQ *HIGH POINT COFFEE TN ,Food & Drink,Sale,-24.17,
09/02/2024,09/03/2024,GUARDIANBIKES,Shopping,Sale,-479.60,
09/01/2024,09/01/2024,Payment Thank You - Web,,Payment,2500.00,
08/31/2024,09/01/2024,APPLE.COM/BILL,Shopping,Sale,-23.14,
09/01/2024,09/01/2024,EXPENSIFY  INC.,Shopping,Sale,-19.76,
08/30/2024,09/01/2024,CHUY'S 110,Food & Drink,Sale,-84.47,
08/29/2024,09/01/2024,CHAR GREEN HILLS,Food & Drink,Sale,-67.81,
08/30/2024,08/30/2024,MIDJOURNEY INC.,Shopping,Sale,-32.93,
08/30/2024,08/30/2024,METROPOLIS PARKING,Travel,Sale,-16.99,
08/29/2024,08/30/2024,PMC - PAID PARKING,Travel,Sale,-9.29,
08/28/2024,08/30/2024,SH NASHVILLE - OTHER,Travel,Sale,-18.10,
08/27/2024,08/29/2024,SOUTHWES    5262554639613,Travel,Sale,-5.60,
08/27/2024,08/29/2024,SOUTHWES    5262554636372,Travel,Sale,-418.98,
08/27/2024,08/29/2024,SOUTHWES    5262554639394,Travel,Sale,-5.60,
08/27/2024,08/29/2024,SOUTHWES    5262554639287,Travel,Sale,-5.60,
08/27/2024,08/29/2024,SOUTHWES    5262554636538,Travel,Sale,-5.60,
08/28/2024,08/29/2024,APPLE.COM/BILL,Shopping,Sale,-16.41,
08/28/2024,08/29/2024,PMC - PAID PARKING,Travel,Sale,-26.22,
08/29/2024,08/29/2024,APPLE.COM/BILL,Shopping,Sale,-1.09,
08/28/2024,08/28/2024,PAIGE LLC,Shopping,Sale,-677.16,
08/27/2024,08/28/2024,APPLE.COM/BILL,Shopping,Sale,-40.33,
08/28/2024,08/28/2024,PAIGE LLC,Shopping,Sale,-185.48,
08/27/2024,08/27/2024,BUCK MASON,Shopping,Sale,-388.52,
08/26/2024,08/27/2024,PMC - PAID PARKING,Travel,Sale,-23.21,
08/26/2024,08/27/2024,SH NASHVILLE F&amp;B,Travel,Sale,-24.91,
08/26/2024,08/26/2024,IMDbPro,Bills & Utilities,Sale,-19.99,
08/25/2024,08/26/2024,ROSTR PRO,Shopping,Sale,-50.00,
08/25/2024,08/26/2024,SONOFATAILOR.COM,Shopping,Sale,-115.20,
08/23/2024,08/25/2024,SH NASHVILLE - OTHER,Travel,Sale,-9.05,
08/24/2024,08/25/2024,CLAUDE.AI SUBSCRIPTION,Shopping,Sale,-21.95,
08/23/2024,08/25/2024,NORDSTROM DIRECT #0808,Shopping,Sale,-19.76,
08/23/2024,08/25/2024,NORDSTROM DIRECT #0808,Shopping,Sale,-246.94,
08/23/2024,08/25/2024,NORDSTROM DIRECT #0808,Shopping,Sale,-162.43,
08/23/2024,08/25/2024,CORNER PUB,Food & Drink,Sale,-79.64,
08/23/2024,08/25/2024,METROPOLIS PARKING,Travel,Sale,-10.99,
08/24/2024,08/25/2024,PARK HAPPY LLC,Travel,Sale,-7.63,
08/24/2024,08/25/2024,BUCK MASON,Shopping,Sale,-379.74,
08/14/2024,08/25/2024,SH NASHVILLE - OTHER,Travel,Sale,-27.14,
08/24/2024,08/25/2024,APPLE.COM/BILL,Shopping,Sale,-16.41,
08/23/2024,08/25/2024,Charles Tyrwhitt  Inc.,Shopping,Sale,-161.28,
08/22/2024,08/23/2024,LinkedIn JOB 9849229796,Bills & Utilities,Sale,-174.56,
08/23/2024,08/23/2024,SuitSupply,Shopping,Sale,-53.78,
08/23/2024,08/23/2024,SuitSupply,Shopping,Sale,-218.40,
08/22/2024,08/22/2024,APPLE.COM/BILL,Shopping,Sale,-5.78,
08/19/2024,08/22/2024,SH NASHVILLE - OTHER,Travel,Sale,-51.70,
08/22/2024,08/22/2024,PMC - PAID PARKING,Travel,Sale,-22.51,
08/19/2024,08/22/2024,SH NASHVILLE - OTHER,Travel,Sale,-47.82,
08/19/2024,08/22/2024,SH NASHVILLE - OTHER,Travel,Sale,-31.02,
08/22/2024,08/22/2024,APPLE.COM/BILL,Shopping,Sale,-16.96,
08/22/2024,08/22/2024,PMC - PAID PARKING,Travel,Sale,-29.28,
08/21/2024,08/22/2024,PMC - PAID PARKING,Travel,Sale,-38.03,
08/20/2024,08/22/2024,TST*PANCHO AND LEFTYS CA,Food & Drink,Sale,-28.39,
08/21/2024,08/21/2024,Payment Thank You - Web,,Payment,12000.00,
08/20/2024,08/21/2024,PMC - PAID PARKING,Travel,Sale,-23.21,
08/20/2024,08/21/2024,PARK HAPPY LLC,Travel,Sale,-10.26,
08/18/2024,08/20/2024,TST*LOSERS - DOWNTOWN,Food & Drink,Sale,-78.00,
08/19/2024,08/20/2024,APPLE.COM/BILL,Shopping,Sale,-8.75,
08/20/2024,08/20/2024,METROPOLIS PARKING,Travel,Sale,-27.42,
08/18/2024,08/19/2024,METROPOLIS PARKING,Travel,Sale,-31.50,
08/17/2024,08/18/2024,METROPOLIS PARKING,Travel,Sale,-42.00,
08/15/2024,08/18/2024,SH NASHVILLE - OTHER,Travel,Sale,-74.97,
08/17/2024,08/18/2024,TM *PBR TEAMS,Entertainment,Sale,-623.10,
08/16/2024,08/18/2024,Amazon Prime*RU4D733W0,Bills & Utilities,Sale,-16.41,
08/16/2024,08/16/2024,PURCHASE INTEREST CHARGE,Fees & Adjustments,Fee,-276.87,
08/15/2024,08/16/2024,WF*MTJULIETDENTISTRY,Health & Wellness,Sale,-640.00,
08/14/2024,08/16/2024,MAFIAOZAS,Food & Drink,Sale,-15.38,
08/15/2024,08/16/2024,APPLE.COM/BILL,Shopping,Sale,-76.81,
08/15/2024,08/16/2024,PARK HAPPY LLC,Travel,Sale,-8.85,
08/13/2024,08/15/2024,OPTIMIST NASHVILLE,Food & Drink,Sale,-44.32,
08/14/2024,08/15/2024,CLOUDFLARE,Shopping,Sale,-5.00,
08/14/2024,08/15/2024,PARK HAPPY LLC,Travel,Sale,-8.85,
08/13/2024,08/15/2024,OPTIMIST NASHVILLE,Food & Drink,Sale,-896.44,
08/14/2024,08/14/2024,METROPOLIS PARKING,Travel,Sale,-10.99,
08/14/2024,08/14/2024,Prime Video Channels,Shopping,Sale,-18.60,
08/13/2024,08/14/2024,O-KU NASHVILLE,Food & Drink,Sale,-58.21,
08/13/2024,08/13/2024,LATE FEE,Fees & Adjustments,Fee,-40.00,
08/11/2024,08/12/2024,APPLE.COM/BILL,Shopping,Sale,-17.55,
08/11/2024,08/12/2024,SUNO INC.,Shopping,Sale,-288.00,
08/10/2024,08/11/2024,DD *DOORDASH JIMNNICKS,Food & Drink,Sale,-94.10,
08/10/2024,08/11/2024,APPLE.COM/BILL,Shopping,Sale,-17.52,
08/10/2024,08/11/2024,MIDJOURNEY INC.,Shopping,Sale,-10.98,
08/10/2024,08/11/2024,DD *DOORDASH EDLEYSBAR,Food & Drink,Sale,-119.34,
08/09/2024,08/11/2024,TST*GREEN HILLS GRILLE,Food & Drink,Sale,-163.77,
08/08/2024,08/09/2024,PMC - PAID PARKING,Travel,Sale,-38.03,
08/08/2024,08/09/2024,Spotify USA,Bills & Utilities,Sale,-13.13,
08/08/2024,08/09/2024,CALENDARBRIDGE,Shopping,Sale,-10.00,
08/06/2024,08/08/2024,SH NASHVILLE - OTHER,Travel,Sale,-18.10,
08/06/2024,08/08/2024,TST*HOMEGROWN TAPROOM &amp;,Food & Drink,Sale,-84.20,
08/05/2024,08/07/2024,SH NASHVILLE F&amp;B,Travel,Sale,-53.98,
08/05/2024,08/07/2024,SH NASHVILLE - OTHER,Travel,Sale,-9.05,
08/05/2024,08/07/2024,SH NASHVILLE - OTHER,Travel,Sale,-38.78,
08/05/2024,08/07/2024,SH NASHVILLE - OTHER,Travel,Sale,-58.16,
08/06/2024,08/07/2024,DISCO,Shopping,Sale,-82.32,
08/06/2024,08/07/2024,METROPOLIS PARKING,Travel,Sale,-21.00,
08/05/2024,08/06/2024,METROPOLIS PARKING,Travel,Sale,-21.00,
08/06/2024,08/06/2024,METROPOLIS PARKING,Travel,Sale,-21.00,
08/03/2024,08/05/2024,APPLE.COM/BILL,Shopping,Return,43.15,
08/03/2024,08/04/2024,MED*VANDERBILT UNIVERSITY,Health & Wellness,Sale,-112.98,
08/02/2024,08/04/2024,TST*NADEENS HERMITAGE HA,Food & Drink,Sale,-39.52,
08/03/2024,08/04/2024,APPLE.COM/BILL,Shopping,Sale,-251.33,
08/02/2024,08/04/2024,APPLE.COM/BILL,Shopping,Sale,-5.99,
08/01/2024,08/02/2024,SH NASHVILLE F&amp;B,Travel,Sale,-22.28,
08/01/2024,08/02/2024,METROPOLIS PARKING,Travel,Sale,-15.99,
08/01/2024,08/01/2024,EXPENSIFY  INC.,Shopping,Sale,-19.76,
07/30/2024,08/01/2024,SH NASHVILLE - OTHER,Travel,Sale,-24.91,
07/31/2024,07/31/2024,APPLE.COM/BILL,Shopping,Sale,-23.14,
07/30/2024,07/31/2024,METROPOLIS PARKING,Travel,Sale,-15.99,
07/29/2024,07/30/2024,PARKING MANAGEMENT CO.,Travel,Sale,-8.00,
07/28/2024,07/29/2024,CARTA NORTH GARAGE,Travel,Sale,-11.00,
07/27/2024,07/28/2024,APPLE.COM/BILL,Shopping,Sale,-40.33,
07/26/2024,07/28/2024,SH NASHVILLE - OTHER,Travel,Sale,-9.05,
07/26/2024,07/28/2024,PARK HAPPY LLC,Travel,Sale,-8.85,
07/25/2024,07/28/2024,CHAR GREEN HILLS,Food & Drink,Sale,-43.60,
07/26/2024,07/26/2024,IMDbPro,Bills & Utilities,Sale,-19.99,
07/25/2024,07/26/2024,PMC - PAID PARKING,Travel,Sale,-9.29,
07/25/2024,07/26/2024,PARK HAPPY LLC,Travel,Sale,-8.85,
07/25/2024,07/26/2024,ROSTR PRO,Shopping,Sale,-50.00,
07/24/2024,07/24/2024,CLAUDE.AI SUBSCRIPTION,Shopping,Sale,-21.95,
07/23/2024,07/24/2024,APPLE.COM/BILL,Shopping,Sale,-5.48,
07/22/2024,07/23/2024,PARK HAPPY LLC,Travel,Sale,-8.15,
07/22/2024,07/23/2024,APPLE.COM/BILL,Shopping,Sale,-54.86,
07/21/2024,07/22/2024,MARGARITA HOUSE BAR,Food & Drink,Sale,-114.51,
07/22/2024,07/22/2024,APPLE.COM/BILL,Shopping,Sale,-16.96,
07/19/2024,07/21/2024,AUDREY - SEAN BROCK GROU,Food & Drink,Sale,-1487.80,
07/17/2024,07/19/2024,LAZ PARKING M32810,Travel,Sale,-5.00,
07/17/2024,07/18/2024,METROPOLIS PARKING,Travel,Sale,-11.32,
07/17/2024,07/18/2024,APPLE.COM/BILL,Shopping,Sale,-17.55,
07/17/2024,07/18/2024,METROPOLIS PARKING,Travel,Sale,-4.49,
07/17/2024,07/18/2024,METROPOLIS PARKING,Travel,Sale,-7.55,
07/17/2024,07/18/2024,APPLE.COM/BILL,Shopping,Sale,-8.75,
07/17/2024,07/17/2024,DD *DOORDASH KALAMATAS,Food & Drink,Sale,-94.22,
07/16/2024,07/16/2024,PURCHASE INTEREST CHARGE,Fees & Adjustments,Fee,-219.64,
07/16/2024,07/16/2024,Amazon Prime*RS5OU2471,Bills & Utilities,Sale,-16.41,
07/15/2024,07/16/2024,CLEAR  *clearme.com,Personal,Sale,-12.62,
07/14/2024,07/16/2024,TST* IL FORNO PIZZERIA,Food & Drink,Sale,-168.87,
07/14/2024,07/15/2024,CLOUDFLARE,Shopping,Sale,-5.00,
07/14/2024,07/14/2024,Prime Video Channels,Shopping,Sale,-17.51,
07/12/2024,07/14/2024,PMC - PAID PARKING,Travel,Sale,-9.29,
07/12/2024,07/14/2024,PMC - PAID PARKING,Travel,Sale,-9.29,
07/10/2024,07/11/2024,MIDJOURNEY INC.,Shopping,Sale,-10.98,
07/11/2024,07/11/2024,APPLE.COM/BILL,Shopping,Sale,-6.56,
07/08/2024,07/09/2024,CALENDARBRIDGE,Shopping,Sale,-10.00,
07/08/2024,07/09/2024,Spotify USA,Bills & Utilities,Sale,-13.13,
07/06/2024,07/07/2024,APPLE.COM/BILL,Shopping,Sale,-5.99,
07/06/2024,07/07/2024,DISCO,Shopping,Sale,-82.32,
06/26/2024,07/05/2024,DD DOORDASH CVS,Food & Drink,Adjustment,5.00,
06/22/2024,07/05/2024,DD DOORDASH DOLLARGEN,Food & Drink,Adjustment,8.50,
07/05/2024,07/05/2024,APPLE.COM/BILL,Shopping,Sale,-21.94,
07/03/2024,07/05/2024,SOUTHWES    5262535334395,Travel,Sale,-5.60,
07/02/2024,07/03/2024,SLIM &amp; HUSKIES,Food & Drink,Sale,-24.56,
07/02/2024,07/03/2024,LYFT   *RIDE TUE 4AM,Travel,Sale,-103.99,
07/03/2024,07/03/2024,APPLE.COM/BILL,Shopping,Sale,-1.09,
07/02/2024,07/03/2024,UBER   TRIP,Travel,Sale,-39.56,
07/01/2024,07/03/2024,LULUS LANDING INC,Food & Drink,Sale,-189.50,
06/30/2024,07/02/2024,THE WHARF F&amp;B,Food & Drink,Sale,-54.78,
07/01/2024,07/02/2024,APPLE.COM/BILL,Shopping,Sale,-1.20,
07/01/2024,07/02/2024,TST* PYRAMIDS CAFE - AIRP,Food & Drink,Sale,-20.66,
06/30/2024,07/02/2024,FLORA - BAMA,Food & Drink,Sale,-50.00,
06/30/2024,07/02/2024,THE WHARF F&amp;B,Food & Drink,Sale,-33.00,
07/01/2024,07/01/2024,CHARTMETRIC,Shopping,Sale,-140.00,
06/30/2024,07/01/2024,UBER   TRIP,Travel,Sale,-28.75,
06/30/2024,07/01/2024,DD DOORDASH BAYCITIES,Food & Drink,Sale,-30.23,
06/30/2024,07/01/2024,DD DOORDASH NOAHSNEWY,Food & Drink,Sale,-40.40,
06/28/2024,07/01/2024,PEPPERMILL FRONT DESK,Travel,Sale,-101.70,
06/30/2024,07/01/2024,UBER *TRIP HELP.UBER.COM,Travel,Sale,-86.28,
07/01/2024,07/01/2024,EXPENSIFY  INC.,Shopping,Sale,-19.76,
06/29/2024,07/01/2024,SOUTHWES    5262533925711,Travel,Sale,-889.92,
06/28/2024,07/01/2024,2THE FORUM-LEVY FB-S4,Food & Drink,Sale,-19.50,
07/01/2024,07/01/2024,UBER   TRIP,Travel,Sale,-81.66,
06/28/2024,07/01/2024,2THE FORUM-LEVY FB-S4,Food & Drink,Sale,-19.50,
